name,ratings,date,comment,search,keyword
 김명숙 ,5,2일 전,코로나로 한산한 유성의 이팝의 거리가 한산함에서 운함,유성온천공원,yuseong_hotspring
 양승일 ,4,1주 전,꽃이 약간 시든 게 아쉬워서요,유성온천공원,yuseong_hotspring
 민pd ,5,1주 전,야경이 좋아요,유성온천공원,yuseong_hotspring
 최진식 ,5,2주 전,소 연장 족욕 체험장도 있고 데이트 장소로 너무 좋아요,유성온천공원,yuseong_hotspring
 황영주 ,5,1달 전,유성구에서 수시로 관리하셔서 깨끗한 환경의 꽃길 힐링할 수 있는 곳 추천합니다,유성온천공원,yuseong_hotspring
 타이콩._. ,5,1달 전,커피 한 잔 들고 산책,유성온천공원,yuseong_hotspring
 쮸잉 ,3,4달 전,볼 게 없던데 밤에 와야 하나,유성온천공원,yuseong_hotspring
 SEONGJIN MOON ,5,4달 전,최고라는 말밖에 할 말이 없다는 말밖에 할 말이 없다,유성온천공원,yuseong_hotspring
 Jinsuk Kim ,5,5달 전,야외 족욕 장히 있어서 많은 분들이 찾는 곳,유성온천공원,yuseong_hotspring
 조인선 ,4,7달 전,잘 가꾸어 놓아 보기가 좋습니다,유성온천공원,yuseong_hotspring
 조원진 ,4,7달 전,국화축혼잡,유성온천공원,yuseong_hotspring
 임춘섭 ,5,7달 전,친절하고 서비스가 좋으니까 파이팅,유성온천공원,yuseong_hotspring
 한영식 ,5,7달 전,코로나로 전년 대비 아쉬움,유성온천공원,yuseong_hotspring
 라천호 ,4,7달 전,온천수가 나와서 좋네요,유성온천공원,yuseong_hotspring
 깜김영찬 ,3,8달 전,옛날을 상상하며 왔는데 온 천지 구라기보다는 그냥 도시라고 보면 될 듯하네요 다음에는 온천 관련해서는 찾아오지 않을 듯하네요,유성온천공원,yuseong_hotspring
 pedro park ,5,11달 전,좋음,유성온천공원,yuseong_hotspring
 천용주 ,4,1년 전,산책하기 좋음,유성온천공원,yuseong_hotspring
 한병찬 ,5,1년 전,월국화축가 아름다운 곳,유성온천공원,yuseong_hotspring
 Ginny C ,5,1년 전,에서 무료 따뜻한 봄 경험,유성온천공원,yuseong_hotspring
 G.C Cheon ,3,1년 전,간단하게 발족 욕을 할 수 있는 족욕 쟁입니다 일부러 들릴만한 곳은 아니지만 쉬어가기에는 좋은 것 같네요 물을 자주 갈아주는 것 같지는 않네요,유성온천공원,yuseong_hotspring
 PE건강더하기센터 ,5,2년 전,운동 삼아 걷기 좋아요 볼거리도 있고요,유성온천공원,yuseong_hotspring
 柳松 ,4,2년 전,작은 음악 이벤트도 있고 평화 곳 있습니다 마라,유성온천공원,yuseong_hotspring
 곽레나 ,5,3년 전,위치 좋고 요족 욕탕 무료 이용 참 좋아요 일본 유후인 안 부러움,유성온천공원,yuseong_hotspring
 hoony kim ,4,3년 전,어르신들이 많이 쉬시는 곳,유성온천공원,yuseong_hotspring
 Diomar Corpuz ,5,4년 전,큰,유성온천공원,yuseong_hotspring
 이승현.믿음으로 ,4,10시간 전,어르신분들이 너무 좋아하시네요,유성온천족욕체험장,yuseong_hotspring
 송재영 ,4,2일 전,도심에서 족욕을 체험할 수 있음,유성온천족욕체험장,yuseong_hotspring
 쩐메이커 (쩐메이커) ,5,1주 전,아 살살 녹는다,유성온천족욕체험장,yuseong_hotspring
 냥이찡. ,5,2주 전,피로도 풀리고 아주 좋아요,유성온천족욕체험장,yuseong_hotspring
 seongi cho ,5,2주 전,아주 좋아요,유성온천족욕체험장,yuseong_hotspring
 백정흠 ,4,3주 전,저녁 산책 중 즐기는 건강 족욕,유성온천족욕체험장,yuseong_hotspring
 장윤주 ,5,1달 전,굿,유성온천족욕체험장,yuseong_hotspring
 고수현 ,5,1달 전,코로나로 인해 안전하게 자리를 띄어 앉았으며 수온이 적당했으며 삼십 분간 어머니와 함께 오붓한 시간을 보냈습니다,유성온천족욕체험장,yuseong_hotspring
 Byoung Hak Kang ,5,1달 전,물도 좋고 사람도 많지 않고 조용해서 너무 좋았네요 다음에도 또 가보려고 합니다,유성온천족욕체험장,yuseong_hotspring
 임성규 ,5,1달 전,특별한 체험이네요,유성온천족욕체험장,yuseong_hotspring
 최태수 ,5,1달 전,건강과 휴양을 위한 최적의 장소라고 생각합니다,유성온천족욕체험장,yuseong_hotspring
 최진혁 ,5,2달 전,오랜만에 근처 식당에 가는 길에 혹시나 하고 들렸더니 코로나 사태에도 불구하고 거리두기하며 족욕을 할 수 있기에 족욕을 즐겼습니다 강추합니다,유성온천족욕체험장,yuseong_hotspring
 정봉희 ,5,2달 전,따뜻하게 족욕할 수 있는 밸리 있는 조성대 전 칭찬합니다 발 씻고 들어가는 시설도 잘 해 두어서 맘에 들어 요 물 빼고 청소도 하시더라고요 대전 유성구 방흤을 때 잠시나마 쉬어갈 수 있는 감사한 장소입니다,유성온천족욕체험장,yuseong_hotspring
 ᄆᄆᄆ ,5,2달 전,아주 좋아요,유성온천족욕체험장,yuseong_hotspring
 Gini j ,5,2달 전,지나가다 해봤는데 살기 좋은 대전,유성온천족욕체험장,yuseong_hotspring
 라이비디효정 ,5,2달 전,쌀쌀한 밤에 따뜻하게 몸 녹임 고개 운해졌어요 너무 멋진 곳 대전 살기 좋은 도시에요,유성온천족욕체험장,yuseong_hotspring
 조남권 ,5,2달 전,건강과 힐링이 필요할 때 유성을 찾아서 하루 쉼을 느껴보는 즐거움을,유성온천족욕체험장,yuseong_hotspring
 로라클 ,3,2달 전,아직 사중,유성온천족욕체험장,yuseong_hotspring
 kakada oeum ,4,2달 전,대전에서 긴 산책을 마치고 휴식을 취하기에 가장 좋은 곳 따뜻한 풋 사우나를 무료로 즐겨보세요 대전에 오시면 이곳에서 시간을 보내는 것도 잊지 마세 요 감사해 요 감사해요,유성온천족욕체험장,yuseong_hotspring
 eugene shin ,5,3달 전,너무 좋다 동탄도 만들어라,유성온천족욕체험장,yuseong_hotspring
 이용구고맙습니다 ,5,3달 전,너무 좋아요 뜨끈뜨끈한 온천족 욕구 너무 해 복하 답니 다 온천수에 족탕에 발을 담그고 있으면 세상 얻어 부러울 것이 없지요 전신에 흐르는 뜨거운 열과 혈기 노폐물 거에 땀이 줄줄 흐르고 등과 앞가슴에 사정없이 흐르는 물줄기 너무 좋은 몸 신이요 어떻게 이렇게 좋은 족욕 수를 찾아 냏을까요 그저 이렇게 즐길 수 있도록 배려해 주신 유성구청 관계자 여러분께 머리 숙여 감사드리니 다 시민 여러분 족욕하시고 건강하세요,유성온천족욕체험장,yuseong_hotspring
 양명우 ,5,3달 전,꿀 잼입니다 지금은 시까지 하는 것 같군요,유성온천족욕체험장,yuseong_hotspring
 김창길 ,4,4달 전,코로나가 아니면 하루의 피로를 풀어주는 아주아주 좋은 잠깐의 휴식 처지요,유성온천족욕체험장,yuseong_hotspring
 K. S. Lee ,4,4달 전,어르신들이 좋아하심,유성온천족욕체험장,yuseong_hotspring
 박주원 ,5,4달 전,휴장 중,유성온천족욕체험장,yuseong_hotspring
 Carla Souza ,5,4달 전,따뜻한 물에 발을 담그면 맛있어요,유성온천족욕체험장,yuseong_hotspring
 JW K ,4,4달 전,크리스마스 시즌에 트리와 다양한 불빛 조형물들을 볼 수 있어서 좋네요,유성온천족욕체험장,yuseong_hotspring
 임지연 ,4,4달 전,이쁜 조명들이 많아서 열심히 찍고 있었는데 어디서 타는 냄새가 나더니 근처 건물에 불이 나서 소방차만 무쟈게 마뉘오고 사진은 반도 못 찍었는데 조명들은 꺼지지 나중에 다시 가야겠네요,유성온천족욕체험장,yuseong_hotspring
 김성민 ,3,4달 전,코로나에 입에 계세요,유성온천족욕체험장,yuseong_hotspring
 Seungho Yang ,5,5달 전,따뜻한 온천수로 족욕을 무료로 할 수 있고 편의시설이 깨끗합니다,유성온천족욕체험장,yuseong_hotspring
 최운봉 ,4,5달 전,추운 날씨 온천물의 족욕 시하고 좋은 것 같습니다,유성온천족욕체험장,yuseong_hotspring
 두바이에레나 ,5,5달 전,장난 들어가기 전에 발 세 척수도 꼭지와 건조를 위한 에어 건이 있었습니다 수온은 긴장을 풀기에 충분히 높았습니다,유성온천족욕체험장,yuseong_hotspring
 SY Kang ,3,5달 전,그래서,유성온천족욕체험장,yuseong_hotspring
 이정화 ,5,6달 전,따뜻한 온천물에 족 욕하니 기분 좋아집니다,유성온천족욕체험장,yuseong_hotspring
 이순근 ,3,6달 전,근처 모텔 숙박짱,유성온천족욕체험장,yuseong_hotspring
 김민수 ,4,6달 전,늦가을의 정취를 만끽하였답니다,유성온천족욕체험장,yuseong_hotspring
 박상혁 ,5,6달 전,또 대전 방한 다 면 잠시라도 들러가고 싶은 장소,유성온천족욕체험장,yuseong_hotspring
 양보규 ,5,6달 전,뜻밖의 신선놀음 짜 무좀 치료는 덤,유성온천족욕체험장,yuseong_hotspring
 마치영 ,5,6달 전,무료로 이용할 수 있으며 시설과 조경이 잘 관리되어 있습니다 수온은 상당히 높은 편입니다 지 어르신들이 많이 이용하는 편이고 설명이 적혀 있지 않지만 지켜야 할 로컬 규칙이 많습니다 나무로 된 덱 이 있는 곳은 신발을 벗고 이용해야 합니다 신발을 손에 들고 물 위를 이동하면 안 됩니다 이물질로 인해 물이 오염될 수 있으며 유리조각 등이 떨어져 부상을 야기할 수 있습니다 물에 들어가기 전 발을 씻어야,유성온천족욕체험장,yuseong_hotspring
 이병장 ,5,6달 전,산행 후 꼭 들러보세요 피로가 싹 무료임,유성온천족욕체험장,yuseong_hotspring
 남성우 ,5,6달 전,고즈넉한 분위기가 좋아요,유성온천족욕체험장,yuseong_hotspring
 천재범 ,2,6달 전,그냥 머,유성온천족욕체험장,yuseong_hotspring
 차재환 ,4,6달 전,여행 중이라면 둘려야 할 곳 발의 피로가 싹 풀림 수건이 없어도 바람으로 말리는 곳이 있어 편리하고 도시 한복판에 이 있고 그곳에서의 족욕이라 좋은 추억이 될 것,유성온천족욕체험장,yuseong_hotspring
 김오식 ,4,6달 전,여행의 피로를 깨끗이 씻어줍니다 한 경험해보세요,유성온천족욕체험장,yuseong_hotspring
 엄태순 ,4,6달 전,많이 걷다가 어찌 알아가게 된 족욕탕인데 피곤한 발이 따스한 물에서 녹듯이 풀리는 맛을 보았답니다,유성온천족욕체험장,yuseong_hotspring
 황점섭 ,3,6달 전,이 좋아요,유성온천족욕체험장,yuseong_hotspring
 눈꽃송이 ,4,7달 전,물도 따뜻하구국화꽂두 이쁘게 해놨어 여가를 느낌 물씬,유성온천족욕체험장,yuseong_hotspring
 태양광카오타 (玄牝의 窓) ,5,7달 전,온갖 국화가 수놓은 체험장 물도 좋고 바람도 좋네 요 세월이 묻어나는 소리에 흐뭇한 미소가 흠뻑,유성온천족욕체험장,yuseong_hotspring
 hee bum ji ,5,7달 전,무료임,유성온천족욕체험장,yuseong_hotspring
 Jin Yong Kim ,4,7달 전,편안하네요,유성온천족욕체험장,yuseong_hotspring
 Wonhye Seo ,3,7달 전,현재 코로나 때에 물다 빠져 있고 체험 불가,유성온천족욕체험장,yuseong_hotspring
 Yjs9915윤본부장윤지성 ,3,7달 전,양양 전통시장 볼 때가 봤는데 시설은 별로 대신 겨울에는 방이 따끈따끈해요,유성온천족욕체험장,yuseong_hotspring
 서jh ,4,7달 전,아쉬워요 코로나 때에 체험을 못한 게,유성온천족욕체험장,yuseong_hotspring
 이충배 ,5,8달 전,발이 시합니다,유성온천족욕체험장,yuseong_hotspring
 김덕현 ,4,8달 전,물이 따뜻하고 이용하기가 편리합니다,유성온천족욕체험장,yuseong_hotspring
 미소수미 ,3,9달 전,땀 잘 나고 좋아요,유성온천족욕체험장,yuseong_hotspring
 여이현숙 ,5,9달 전,온천물에 족욕 너무 좋아요 부족 욕하면 땀이 쭉 기 분 너무 좋습니다 정기적으로 청소도 해주신다고 들었는데 물도 깨끗하고 시설 굿,유성온천족욕체험장,yuseong_hotspring
 장도익 ,5,9달 전,무료체험 좋아요,유성온천족욕체험장,yuseong_hotspring
 Dy P ,1,9달 전,지금 안 해요,유성온천족욕체험장,yuseong_hotspring
 Paul Kim ,4,10달 전,무료로 족욕을 즐길 수 있는 장소 호텔과 모텔에 근접하여 이른 저녁 산책하면서 잠시 쉬기에 정말 좋은 장소 코로나 여파로 잠시 사용을 못 하지만 안 든 망할 계획입니다 어르신들과 수다 떠는 재미는 덤,유성온천족욕체험장,yuseong_hotspring
 구익현 ,5,10달 전,아라습니다,유성온천족욕체험장,yuseong_hotspring
 이쁘미 ,3,10달 전,별로,유성온천족욕체험장,yuseong_hotspring
 이명래 ,4,10달 전,근처만 갔지만 족욕은 안 함,유성온천족욕체험장,yuseong_hotspring
 황철 ,3,10달 전,노인정이 된 느낌이에요,유성온천족욕체험장,yuseong_hotspring
 김연철 ,5,11달 전,대전의 명소,유성온천족욕체험장,yuseong_hotspring
 장경자 ,4,11달 전,좋은 곳입니다,유성온천족욕체험장,yuseong_hotspring
 워리어킹 (워리어킹) ,5,11달 전,대전시민들의 휴식처,유성온천족욕체험장,yuseong_hotspring
 이성재 ,5,11달 전,최고,유성온천족욕체험장,yuseong_hotspring
 강미영 ,4,11달 전,따뜻하게 발 담그고 분이면 살짝 땀이 나 기 시작해 요 유성에 오면 꼭 들러보세요 요즘 같은 시기 목욕탕은 못 가도 야외 족욕짱에서 무료로 온천탕 맛보세요 마스크 꼭 착용하시고요,유성온천족욕체험장,yuseong_hotspring
 정종상0614 ,5,11달 전,아주 좋아요 발이 편안해져요,유성온천족욕체험장,yuseong_hotspring
 Youngie ,4,11달 전,그냥 뭐 좋음,유성온천족욕체험장,yuseong_hotspring
 송주용 ,5,1년 전,재밌어요,유성온천족욕체험장,yuseong_hotspring
 이기영 ,5,1년 전,발 건강이 전신 건강,유성온천족욕체험장,yuseong_hotspring
 너구리는역시2개 ,4,1년 전,다 좋을 데 발 씻은 뒤 양말 신발 신기가 불편한 구조,유성온천족욕체험장,yuseong_hotspring
 승짱seungzzang ,4,1년 전,쉬다 가기 좋아요 발 씻는 곳도 있고 잠시만 발 담그고 앉아 있어도 뜨 건 온천물 땜에 열이 확 오르네요 굿,유성온천족욕체험장,yuseong_hotspring
 Walkinto Korea ,4,1년 전,무료 족욕 조장은 대전 유성에 있습니다 이것은 일주일이 지난 후 치유하기에 가장 좋은 장소입니다 대전을 망할 때 이 장소를 놓치지 마십시오,유성온천족욕체험장,yuseong_hotspring
 James Ju ,5,1년 전,난 좋아요 다른 사람들이랑 발같이 담그기 싫은 사람이면 몰라도,유성온천족욕체험장,yuseong_hotspring
 창하 임 ,5,1년 전,유성의 명소입니다 좋아요 이용해보세요,유성온천족욕체험장,yuseong_hotspring
 Hayoung Kim ,3,1년 전,무료체험이라 좋음 할머니 할아버지들에게 인기 있는 곳,유성온천족욕체험장,yuseong_hotspring
 도안알리스타 ,3,1년 전,노인네들 자리 더럽게 쓰는 것 빼곤 좋음,유성온천족욕체험장,yuseong_hotspring
 Anzan Zaman ,3,1년 전,휴식에 좋습니다,유성온천족욕체험장,yuseong_hotspring
 빙그루루 ,5,1년 전,야외 족욕 체험장 물따땃시쯤엔 청소시간인 듯,유성온천족욕체험장,yuseong_hotspring
 유영만 ,3,1년 전,그냥 지나쳤는데,유성온천족욕체험장,yuseong_hotspring
 Hee Man Lee ,4,1년 전,피곤한 발을 편안하게 해주는 장소,유성온천족욕체험장,yuseong_hotspring
 코난임 ,5,1년 전,정말 좋고 맥주 마시는 사람 간혹 보는데 운치 있다,유성온천족욕체험장,yuseong_hotspring
 Catie Smith ,4,1년 전,나는 그것을 좋아하지만 노인들은 주말 오후인데도 친구들과 대화하고 웃고 있는 것을 좋아하지 않았습니다 방객의 대부분은 노인들이었다 그들은 발을 헹구기 위해 줄을 자르고 요어 신발을 신었다 그래도 발을 씻기 좋은 곳이었습니다,유성온천족욕체험장,yuseong_hotspring
 재철김 ,3,1년 전,온천도시로서 최소한의 화를 보여주는 시도겠지만 너무 초라한 느낌 일본 벳부나 기타 온 처지를 보고 흉내는 아니지만 좀 더 창의적인 기획이 있었으면 하는 아쉬움,유성온천족욕체험장,yuseong_hotspring
 송혜선 ,5,1년 전,유성온천 유일한 관광지,유성온천족욕체험장,yuseong_hotspring
 Han Michael ,4,1년 전,데이트하는데 좋아요,유성온천족욕체험장,yuseong_hotspring
 한주영 ,4,1년 전,유동인구가 좀 있는 곳에 이런 시설을 만들었다는 것만으로도 아주 좋음 적당한 크기에 편하게 족욕을 즐길 수 있는 시설 조금 아쉬운 것은 차라리 돈을 조금 받더라도 수건 같은 것을 하여 쉽게 들어갔다가 나올 수 있게 해주면 좋겠다는 아쉬움은 있음,유성온천족욕체험장,yuseong_hotspring
 김christine ,5,1년 전,도심에 이런 곳이 좋다 물 말리는 바람 나오는 것도 있어서 좋고 들어가기 전에 발 씻고 들어가야 합니다 함께 이용하는 간이니 조용히,유성온천족욕체험장,yuseong_hotspring
 Ohjoon Kwon ,5,1년 전,잠시 힐링하기 좋은 곳 무료라서 더 좋고 시민들이 자주 오고 감,유성온천족욕체험장,yuseong_hotspring
 루나 ,2,1년 전,발이 간지럽다,유성온천족욕체험장,yuseong_hotspring
 한종욱 ,5,1년 전,길가에서 이색 체험 좋아요,유성온천족욕체험장,yuseong_hotspring
 김응순 ,3,1년 전,이 성명 소 아저씨 아줌마들로 항상 붐비는 곳,유성온천족욕체험장,yuseong_hotspring
 김기수 ,5,1년 전,아주 좋아요 공짜,유성온천족욕체험장,yuseong_hotspring
 윤성규 ,5,1년 전,아주아주 좋아요,유성온천족욕체험장,yuseong_hotspring
 Star Star ,3,1년 전,유성온천 근처의 산책과 함께 족욕을 즐길 수 있는 곳 사람이 많을 때는 물이 약간 깨끗하지 않음,유성온천족욕체험장,yuseong_hotspring
 Sun-Young ,5,1년 전,화려한 발이 스파 장소가 개 되었습니다 물을 빨리 거하는 기총이 있으므로 수건을 가져갈 필요가 없습니다,유성온천족욕체험장,yuseong_hotspring
 전재원 ,4,1년 전,몇 해째 송년 기념으로 유성의 호텔에서 묵으며 노천 족욕을 하고 있어요 싸늘한 날씨에 따뜻한 온천수의 느낌은 직접 체험해보지 않으면 그 기분을 잘 알 수 없어요 참 좋습니다 그런데 수위를 조금만 낮게 설정해 주시면 더 좋겠어요 바지를 무릎 위로 걷어 올려야 하는데 겨울옷이라 잘 안 올라가니 옷이 젖어요 어쨌든 참 좋아요,유성온천족욕체험장,yuseong_hotspring
 미주리전함 ,4,1년 전,무료로 즐길 수 있는 곳 주소 중장년층 많이 다녀가 심발 세 척 간 있으며 에어건 있어 수건 없어도 바람으로 말릴 수 있음 주변에 주차장은 유료 식당도 많음,유성온천족욕체험장,yuseong_hotspring
 Sharon Nabwire ,4,1년 전,겨울에 좋은 곳입니다 완전한 경험을 위해 간식과 음료를 소지하십시오,유성온천족욕체험장,yuseong_hotspring
 조선자 ,5,1년 전,아침 시 저녁까지 족욕 체험을 할 수 있고 온천수에 발을 분 정도 담그면 땀나기 시작하면서 건강해지는 느낌 무료할 수 있어서 더욱 좋죠,유성온천족욕체험장,yuseong_hotspring
 조효선 ,4,1년 전,참 좋았습니다,유성온천족욕체험장,yuseong_hotspring
 김일환 ,5,1년 전,좋아 요격하게,유성온천족욕체험장,yuseong_hotspring
 Jinsu Lee ,4,1년 전,따뜻한 족욕으로 피로 순삭,유성온천족욕체험장,yuseong_hotspring
 최영애 ,4,1년 전,서로 질서를 지키며 즐기는 장소로 잘 되어 있어요,유성온천족욕체험장,yuseong_hotspring
 안근영 ,1,1년 전,최고 요리로 가 싹 풀려요,유성온천족욕체험장,yuseong_hotspring
 안보순 ,5,1년 전,처음 체험 매우 만족,유성온천족욕체험장,yuseong_hotspring
 ᄋ ,4,1년 전,물이 조금 더러운 것 빼곤 좋았어요,유성온천족욕체험장,yuseong_hotspring
 김선기 ,1,1년 전,라듐과 이상한 거 검출돼서 가면 안 되는 곳 위험 경고,유성온천족욕체험장,yuseong_hotspring
 이도꽃긽 ,4,1년 전,물도 좋고 따끈따끈해서 포근한 겨울이지만 그래도 야외인데 땀이 또르르 해서 좋았습니다,유성온천족욕체험장,yuseong_hotspring
 Lucas Lau ,5,1년 전,좋은 발이 스파 무엇보다도 무료입니다가 장 가까운 기차에서도 보,유성온천족욕체험장,yuseong_hotspring
 Hyeon Joh ,4,1년 전,족욕하며 책 보기 좋지만 주변이 다 어르신들,유성온천족욕체험장,yuseong_hotspring
 이남기 ,5,1년 전,너무 좋아요,유성온천족욕체험장,yuseong_hotspring
 남윤찬 ,3,1년 전,모든 사람이 막 써서 물이 더럽다,유성온천족욕체험장,yuseong_hotspring
 홍삼비누 ,5,1년 전,히히 좋아 따듯해,유성온천족욕체험장,yuseong_hotspring
 김원태 ,4,1년 전,대전의 명소로 다리의 피로를 푸는 데 좋다,유성온천족욕체험장,yuseong_hotspring
 김종현 ,5,1년 전,발도 털을 수 있고 좋아요,유성온천족욕체험장,yuseong_hotspring
 연승 ,5,1년 전,최고예요 무료로 즐길 수 있고 시설도 좋고요 강추예요,유성온천족욕체험장,yuseong_hotspring
 love츄릅 ,2,1년 전,사람 많음,유성온천족욕체험장,yuseong_hotspring
 Benjamin Oh ,5,1년 전,발 씻는 곳이 마련되어 있고 적당히 뜨거운 온천수에 발을 담그고 있으니 졸음이 오기 시작한다,유성온천족욕체험장,yuseong_hotspring
 Yang Seong Chul ,4,1년 전,편안하게 즐길 수 있다,유성온천족욕체험장,yuseong_hotspring
 연왕흠 ,4,1년 전,색다른 체험 창 좋습니다,유성온천족욕체험장,yuseong_hotspring
 Hyunok jung ,4,1년 전,싫지 않아 욤 단지 숙박업소가 천차만별의 서비스와 가격,유성온천족욕체험장,yuseong_hotspring
 yh baek ,5,1년 전,좋아요 그리고 시해요,유성온천족욕체험장,yuseong_hotspring
 김성실 ,5,1년 전,재밌었어요 아기랑 같이 가서 기분 전환했어요,유성온천족욕체험장,yuseong_hotspring
 김종구 ,4,1년 전,이런 곳이 있어서 신기하고 피로도 풀고 만족스럽네요,유성온천족욕체험장,yuseong_hotspring
 박세영 ,4,1년 전,물이 따듯하고 깨끗하다,유성온천족욕체험장,yuseong_hotspring
 김옥례 ,5,1년 전,아주 좋았어요,유성온천족욕체험장,yuseong_hotspring
 MOUSE AK ,5,1년 전,추운 날씨에 긴장을 풀 수 있는 매우 흥미로운 방법입니다 대부분 현지인과 외국인이 걷는 곳이 발을 적십니다 자신에 따라 분 정도 담그십시오,유성온천족욕체험장,yuseong_hotspring
 강경모 ,3,1년 전,에 앉아 족욕을 즐길 수 있는 곳 시연 장자분들이 많으시네 발을 말릴 수 있는 에어 건도 있어 편리,유성온천족욕체험장,yuseong_hotspring
 이카루스의날개 ,4,1년 전,추운 날조 욕하기 더 좋죠,유성온천족욕체험장,yuseong_hotspring
 김화길 ,5,1년 전,아주아주 좋아요,유성온천족욕체험장,yuseong_hotspring
 [새싹클린] ,5,1년 전,늦은 시간까지 안 한다는 걸 잊지 마세요,유성온천족욕체험장,yuseong_hotspring
 향뜰 ,5,1년 전,무료로 체험할 수 있는 좋은 곳입니다,유성온천족욕체험장,yuseong_hotspring
 한상원 ,4,1년 전,정말 좋아요,유성온천족욕체험장,yuseong_hotspring
 leaf freesia ,5,1년 전,최고에 요 대전에 이런 고이 있다니 힐링하고 갑니다,유성온천족욕체험장,yuseong_hotspring
 kibae Kim ,4,1년 전,한 즘 체험하는 것도 나쁘지 않다 보통 어르신들이 터 잡고 앉아 계셔서 앉기 힘들긴 하다,유성온천족욕체험장,yuseong_hotspring
 조도경 ,4,1년 전,좋은 물로 짜족욕 좋아요,유성온천족욕체험장,yuseong_hotspring
 송주영 ,5,1년 전,족욕체험 너무 좋아요 물 엄청 뜨 겁구요 거기 다 짜들어가기 전 발 씻기는 기본입니다,유성온천족욕체험장,yuseong_hotspring
 이지수 ,5,1년 전,정말 좋은 곳 정말 피로가 풀린다,유성온천족욕체험장,yuseong_hotspring
 김돈완 ,5,1년 전,너무 좋아요,유성온천족욕체험장,yuseong_hotspring
 석민 ,4,1년 전,발부터 피로를 푸는 곳 무료,유성온천족욕체험장,yuseong_hotspring
 한희철 ,5,1년 전,갑중에 갑입니다 기본이 무료이며 월 중국 화꽂 축까지,유성온천족욕체험장,yuseong_hotspring
 Jil Huyền ,5,1년 전,맛있습니다,유성온천족욕체험장,yuseong_hotspring
 김성수 ,4,1년 전,따뜻한 온천수에 족욕할 수 있습니다 발 닦을 수건을 가져가면 좋습니다,유성온천족욕체험장,yuseong_hotspring
 Love Kismet ,4,1년 전,지친 일상에서 간편히 잠깐 쉬었다 갈 만한 곳,유성온천족욕체험장,yuseong_hotspring
 kangho song ,3,1년 전,처음 오는 사람을 위해 발 씻고 들어가도록 안내판을 좀 더 촘촘히 해야겠습니다,유성온천족욕체험장,yuseong_hotspring
 록키발보아 ,3,1년 전,하절기만 운영하고 동절기는 하지 않습니다,유성온천족욕체험장,yuseong_hotspring
 권선아 ,5,1년 전,좋았어요,유성온천족욕체험장,yuseong_hotspring
 강성종 ,5,1년 전,여행 중 피로가 오시면 족욕을 체험하세요 무료입니다,유성온천족욕체험장,yuseong_hotspring
 지은경 ,5,1년 전,동네 쉼터 따끈따끈 좋아요 국화꽃 축도해요,유성온천족욕체험장,yuseong_hotspring
 homin Kim ,5,1년 전,청소하시는 분도 있고 수건이 준비되어 있지 않아도 에어건으로 발을 말릴 수 있음,유성온천족욕체험장,yuseong_hotspring
 LEE가이버 ,5,1년 전,무료로 누구든 따뜻하게 발의 피로를 풀 수 있어 수 좋아 요 수건이 없어서 바람으로 발을 말릴 수 있게 한 아이디어도 좋았어요,유성온천족욕체험장,yuseong_hotspring
 JI HYOUN Shin ,4,1년 전,많은 분들이 발을 담그고 계셨어요 저는 개인적을 좋아하지 않아서 국화 축의 국화들과 사진 찍기에 마냥 즐거웠어요,유성온천족욕체험장,yuseong_hotspring
 노혜련 ,5,1년 전,피곤함이 쫘악 풀립니다,유성온천족욕체험장,yuseong_hotspring
 박길용 ,5,1년 전,유성구 청족욕,유성온천족욕체험장,yuseong_hotspring
 이은희 ,5,1년 전,길가에 있어서 지나가다가도 편의시설이 잘 되어 있어서 가벼운 마음으로 족욕을 즐길 수 있어서 좋았다 외국인도 친구와 함께 즐기는 모습이 좋다,유성온천족욕체험장,yuseong_hotspring
 장태화 ,5,1년 전,무료,유성온천족욕체험장,yuseong_hotspring
 신혜경 ,5,1년 전,무료로 되며 이 꾸며져 있어 요원 말에 방 했는데 국화 축도하네요,유성온천족욕체험장,yuseong_hotspring
 김근중 ,4,1년 전,좋아요,유성온천족욕체험장,yuseong_hotspring
 조선응 ,3,1년 전,어르신들 천국,유성온천족욕체험장,yuseong_hotspring
 황인희 ,5,1년 전,산책하기도 좋고 주변에 음식점도 많고 중요한 전 족욕이 너무 좋아 여 아시는 분들은 아시겠지만 피로가 풀리고 발이 이 빠짐 가보세요 너무 좋아요 대신 발 안 씻고 들어가면 어르신들한테 혼나요 기본 매너죠,유성온천족욕체험장,yuseong_hotspring
 sang min Ryu ,4,1년 전,운영시간 확인 필수,유성온천족욕체험장,yuseong_hotspring
 유정훈 ,4,1년 전,짜의 즐거움,유성온천족욕체험장,yuseong_hotspring
 원정민 ,2,1년 전,그냥 유성이지 머,유성온천족욕체험장,yuseong_hotspring
 강두혁 ,5,1년 전,족욕하기 전에 발 씻는 곳에서 발을 깨끗이 씻고 도 천연 온천수에서 족욕할 수 있다,유성온천족욕체험장,yuseong_hotspring
 권혁준 ,4,1년 전,가족이 함께하기 좋은 곳입니다,유성온천족욕체험장,yuseong_hotspring
 상어 ,4,1년 전,밤에 산책하기 좋아요,유성온천족욕체험장,yuseong_hotspring
 강관식 ,4,1년 전,주변 볼거리도 있고,유성온천족욕체험장,yuseong_hotspring
 김정선 ,5,1년 전,좋은 동네입니다,유성온천족욕체험장,yuseong_hotspring
 Antonio Gates ,5,1년 전,심한,유성온천족욕체험장,yuseong_hotspring
 강선웅 ,5,1년 전,체형에 따라 족욕할 수 있는 체험장 있음 수도 시설 잘 갖추어 있음,유성온천족욕체험장,yuseong_hotspring
 Youngkwan Ko ,5,1년 전,대전 유성의 명소 죠 피로가 말끔히 가십니다,유성온천족욕체험장,yuseong_hotspring
 홍서희 ,5,1년 전,족욕을 하기 전에는 주저했는데 하고 난 후 정말 좋았습니다 발이 가벼워진 느낌 좋았어요,유성온천족욕체험장,yuseong_hotspring
 홍예진 ,4,1년 전,좋아요,유성온천족욕체험장,yuseong_hotspring
 서동영 ,3,1년 전,요즘 같은 날씨에 저녁때 족욕이 몸에 너무 좋네요 너무 늦은 저녁은 피해주세요 애용하는 분들이 많이 조금은 지저분할 수 있으니,유성온천족욕체험장,yuseong_hotspring
 황의술 ,5,1년 전,너무 좋았어요,유성온천족욕체험장,yuseong_hotspring
 Baek Seungwhan ,4,1년 전,발이 따뜻해짐,유성온천족욕체험장,yuseong_hotspring
 한승우 ,5,1년 전,피로회복,유성온천족욕체험장,yuseong_hotspring
 서가을 ,4,1년 전,깨끗하고 시간 날 때 호젓하게 족욕을 하면서 피곤을 씻을 수 있어서 좋습니다 요즘은 곳곳에 많이 생기는 거 같습니다 인천 송도도 있고,유성온천족욕체험장,yuseong_hotspring
 김경섭gs33620 ,5,1년 전,복잡하지도 않으면서 아름다운 국화꽃을 맘껏 즐길 수 있는 곳 인근 유림 국화 전시회와 병행할 수 있음 아울러 유성온천물로 족욕을 무료체험할 수 있는 곧 봄에는 이 팝 꽃 축 및 온천축를 즐길 수 있는 곳,유성온천족욕체험장,yuseong_hotspring
 주희상 ,4,1년 전,이곳을 지나 다시 간 적 여유가 있다면 그냥 신발과 양말 벗고 흐르는 온천수에 족욕하면 말이 필요 없어요 발의 피로도 풀리고 그냥 좋습니다,유성온천족욕체험장,yuseong_hotspring
 Kevin Joe (케빈조) ,5,1년 전,놀랄만한,유성온천족욕체험장,yuseong_hotspring
 박지선 ,4,1년 전,산책 후 온도에 따라 족욕을 즐길 수 있다,유성온천족욕체험장,yuseong_hotspring
 종수강 ,5,1년 전,낭만과 건강이 있는 도시,유성온천족욕체험장,yuseong_hotspring
 하헌이 ,5,1년 전,도심 속에 있는 숲,유성온천족욕체험장,yuseong_hotspring
 김동국 ,5,1년 전,국화꽃 천만 송이 전시회 연 시간에 방하면 금상첨화,유성온천족욕체험장,yuseong_hotspring
 Hs jeong ,5,1년 전,발을 담그면서 피곤을 풀 수가 있어요,유성온천족욕체험장,yuseong_hotspring
 이익수 ,1,1년 전,체험하지 않았어요,유성온천족욕체험장,yuseong_hotspring
 서권희 ,5,1년 전,유성구 온천 내 족욕 체험장 서울에서 내려가는데 좋네요 주변의 도구화로 채워져 좋네요,유성온천족욕체험장,yuseong_hotspring
 mam용덕 ,5,1년 전,족욕하기 위해 갔네요,유성온천족욕체험장,yuseong_hotspring
 Hyun-jae Park ,4,1년 전,지금은 물이 없어서 족욕이 안 돼요,유성온천족욕체험장,yuseong_hotspring
 Heeseo Park ,4,1년 전,비 오는 날 최고의 명소 산책 후 간단한 족욕으로 몸과 마음이 가벼워지는,유성온천족욕체험장,yuseong_hotspring
 Kat ,5,1년 전,우리는 아침 일찍 갔기 때에 너무 덥지 않고 붐비지 않았습니다 매우 친숙한 노인들이 많았기 때에 훨씬 좋았습니다 다른 것과는 전혀 다른 경험이었고,유성온천족욕체험장,yuseong_hotspring
 유병열 ,5,1년 전,좋은 풍경을 보고 다시 한 오고 싶은 곳,유성온천족욕체험장,yuseong_hotspring
 김성호 ,2,1년 전,지금 국화 축합니다,유성온천족욕체험장,yuseong_hotspring
 엄철용 ,1,1년 전,먼저 와서 자리 잡고 오래 다니던 사람들이 처음 온 사람들한테 텃세가 심한 요즘,유성온천족욕체험장,yuseong_hotspring
 최윤정 ,5,1년 전,누구나 편안하게 휴식할 수 있는 간으로 참 좋았습니다,유성온천족욕체험장,yuseong_hotspring
 우상욱 (우상욱) ,5,1년 전,밤실에 마감해 요 흐르는 물 아닌 일정 주기 순환식이에요 발수건 하나 가져가세요,유성온천족욕체험장,yuseong_hotspring
 Jeonghee Seo ,5,1년 전,길가에 무료로 온천 족욕을 즐길 수 있는 곳,유성온천족욕체험장,yuseong_hotspring
 1순위달기 ,5,1년 전,푸드트럭 화차 대전 관광지,유성온천족욕체험장,yuseong_hotspring
 유혜숙 ,3,1년 전,길가에 시민들이 편하게 족욕할 수 있도록 깔끔하게 해놨고 꽃 축 등 여러 가지 볼거리도 있었다,유성온천족욕체험장,yuseong_hotspring
 박정훈 ,5,1년 전,무료로 발 담그고 놀 수 있습니다 물 엄청 뜨거움 시설도 잘되어 있고 여유롭습니다,유성온천족욕체험장,yuseong_hotspring
 제제 tv ,4,1년 전,친정이 바로 옆 아파트인데 꼭 온천 가지 않아도 쉴 수 있는 곳이라 좋아요 짜이고 수건 하나 준비해 가는 센스,유성온천족욕체험장,yuseong_hotspring
 Sungtai Kim ,4,1년 전,유성온천의 온천수를 야외에서 체험할 수 있는 곳으로 일개 방이 된 족욕체험장입니다,유성온천족욕체험장,yuseong_hotspring
 H J ,5,1년 전,발끝이 뜨거워서 심해지며 온몸에 혈액순환이 되고 건강해지는 느낌 팍팍,유성온천족욕체험장,yuseong_hotspring
 이부영 ,5,1년 전,최고,유성온천족욕체험장,yuseong_hotspring
 변수진 (두딘) ,1,1년 전,더러움,유성온천족욕체험장,yuseong_hotspring
 배진호 ,4,1년 전,이른 시간인데도 인산인해였네요 근처 온천장 호텔보다도 바빠 보였습니다,유성온천족욕체험장,yuseong_hotspring
 chih chiang Chang ,5,1년 전,좋은 모두가 피곤할 수 있습니다 여기서 조금 쉬십시오,유성온천족욕체험장,yuseong_hotspring
 Yoonju Moon ,5,1년 전,너무 가까이 앉거나 발을 미리 헹구지 않으면 지팡이로 때릴 노파를 조심하십시오 그렇지 않으면 멋진,유성온천족욕체험장,yuseong_hotspring
 Casal Hippie Silva ,5,1년 전,재미있는 휴식 방법 겨울에는 더 좋아야 합니다,유성온천족욕체험장,yuseong_hotspring
 전성규 ,4,1년 전,항상 편히 쉴 수 있는 무료 다리 온천,유성온천족욕체험장,yuseong_hotspring
 안두레 ,4,1년 전,시민을 위한 간,유성온천족욕체험장,yuseong_hotspring
 손해진 ,5,1년 전,오 전 시부터 밤 시까지 즐길 수 있는 족욕시설 참 멋진 곳에서의 휴식 갈 때마다 행복해요,유성온천족욕체험장,yuseong_hotspring
 문도근 ,5,1년 전,도시에 위치하고 있으며 노상에 있어 누구나 접근하기 용이하며 무료라서 부담도 없으며 면 대전에 간다면 다시 한가 보고 싶은 곳이다,유성온천족욕체험장,yuseong_hotspring
 오광주 ,4,1년 전,온천족 욕하기에 좋은 곳 이른 아침에는 노랫소리를 크게 틀어놓는 분들이 있는 게티,유성온천족욕체험장,yuseong_hotspring
 박건 ,3,1년 전,처음에는 괜찮았는데 이젠 퇴색된 듯,유성온천족욕체험장,yuseong_hotspring
 홍코난 ,4,1년 전,룰루랄라,유성온천족욕체험장,yuseong_hotspring
 Dean Putri Firza ,5,1년 전,정말 따뜻하고 편안한 물 휴식을 하는 사람들에게 적합합니다,유성온천족욕체험장,yuseong_hotspring
 Minhyoung Goh ,4,1년 전,잠깐 와서 족욕하기 좋은,유성온천족욕체험장,yuseong_hotspring
 히자몬 ,5,1년 전,무료라 부담 없이 즐길 수 있어서 좋았어요,유성온천족욕체험장,yuseong_hotspring
 누알공 ,4,1년 전,족욕하고 싶읓 때 가 면이 됨 사람 많읗 땐 별로,유성온천족욕체험장,yuseong_hotspring
 이은모 ,4,1년 전,좋네요,유성온천족욕체험장,yuseong_hotspring
 王伊萍 ,4,1년 전,피로를 풀다,유성온천족욕체험장,yuseong_hotspring
 강석환CFP ,4,1년 전,유성의 명소인 온천을 무료로 경험하기 좋습니다 다만 사람이 많습니다,유성온천족욕체험장,yuseong_hotspring
 Kyoung jin Lim ,5,1년 전,물도 깨끗하게 관리되고 있고 행정 차이 아나 시민 모두가 즐겁게 이용할 수 있게 잘 운영돼있는 것같이 보입니다족 욕탕 들어가기 전후 발 씻는 곳도 있습니다,유성온천족욕체험장,yuseong_hotspring
 young june ,4,1년 전,수건이 없어도 에어건으로 물기를 털어낼 수 있음,유성온천족욕체험장,yuseong_hotspring
 두드림문화창작협회 ,5,1년 전,족욕체험,유성온천족욕체험장,yuseong_hotspring
 비공개 ,5,1년 전,좋아요,유성온천족욕체험장,yuseong_hotspring
 dogsh (개상훈) ,2,1년 전,년 후쯤에 갈 곳,유성온천족욕체험장,yuseong_hotspring
 리세라 ,4,1년 전,비가 오면 더 좋아요,유성온천족욕체험장,yuseong_hotspring
 허광재 ,5,1년 전,무료로 이렇게 할 수 있어서 너무 좋네요,유성온천족욕체험장,yuseong_hotspring
 성경순 ,5,1년 전,힐링타임 확실히 즐기고 왔어요 다시 가고 싶은 곳입니다 최고,유성온천족욕체험장,yuseong_hotspring
 니코특별갤럭시 ,4,1년 전,물 온도가 뜨겁다 하지만 쉬기에 적합하다,유성온천족욕체험장,yuseong_hotspring
 오승현 ,5,1년 전,최고,유성온천족욕체험장,yuseong_hotspring
 ska Ala ,5,1년 전,부산 사람인데 따뜻한 물에 발 담그니 좋다 온도도 적당하고 옆에 지하철도 있어 교통도 편하다,유성온천족욕체험장,yuseong_hotspring
 G.J ,3,1년 전,족욕하며 쉴 수 있는 곳,유성온천족욕체험장,yuseong_hotspring
 Athena Led ,4,1년 전,좋네요,유성온천족욕체험장,yuseong_hotspring
 장현성 ,4,1년 전,따뜻한 물에 지친 발을 휴식하세요,유성온천족욕체험장,yuseong_hotspring
 나그네 ,5,1년 전,힐링 된다,유성온천족욕체험장,yuseong_hotspring
 조민성 ,5,1년 전,건강도 챙기고 바람도 쐬고 좋아요,유성온천족욕체험장,yuseong_hotspring
 허정 ,4,1년 전,도심 속 여유,유성온천족욕체험장,yuseong_hotspring
 박경미 ,5,1년 전,발 담그는 상쾌하다,유성온천족욕체험장,yuseong_hotspring
 woori3210 ,4,1년 전,많은 관광객들이 방하는 재미있는 곳입니다,유성온천족욕체험장,yuseong_hotspring
 Stevan Karimanovic ,5,1년 전,프레레포 환상적인,유성온천족욕체험장,yuseong_hotspring
 Nataliia Lukianenko ,5,1년 전,나는 그것을 좋아했다 그러나 솔직히 나는 친구들과 이 장소를 방 했으며 모든 곳의 친구들과 함께 합니다,유성온천족욕체험장,yuseong_hotspring
 먹을때가제일 행복해 ,5,1년 전,족욕체험장이라는 안내판을 지나 길을 따라 들어가면 족욕체험장이 있어요 들어가자마자 있는 체험장은 사람이 많을지도 모르니 더 안으로 들어가 보세요 발 씻는 곳도 있고 에어로 발 말릴 수 있어서 족욕하고 안 말려서 양말 신고 가는지 걱정해요,유성온천족욕체험장,yuseong_hotspring
 유리 ,4,1년 전,시내 한복판에 이런 곳이 있다는 게 좋아요 들어갈 때 발도 씻고 들어가니 족욕장 물도 깨끗합니다,유성온천족욕체험장,yuseong_hotspring
 감자 ,5,1년 전,너무 좋아요,유성온천족욕체험장,yuseong_hotspring
 yc kim ,4,1년 전,매우 좋음,유성온천족욕체험장,yuseong_hotspring
 김일권 ,5,1년 전,나는 서울 사람이 다 이것 각지 다니면서 이렇게 시에서 해주는 복지 혜택은 처음 본다 서울 도청 계천이 있다면 대전은 온천이 한몫한다 진짜 추천한 다 진짜 좋다 시설도 잘되어 있다,유성온천족욕체험장,yuseong_hotspring
 박성찬 ,4,1년 전,무료로 이처럼 족욕 체험을 할 수 있어서 좋았습니다 할머니 할아버지들이 많고 친절해서 할머니들 하고 이야기도 했습니다,유성온천족욕체험장,yuseong_hotspring
 김영진 ,4,1년 전,하절기에 양족 욕탕으로 운영하는 데 좋은 것 같습니다,유성온천족욕체험장,yuseong_hotspring
 서서길수 ,4,1년 전,힐링,유성온천족욕체험장,yuseong_hotspring
 Park Ji Won ,4,1년 전,다 좋은데 여름엔 더워,유성온천족욕체험장,yuseong_hotspring
 성장하는지우 ,5,1년 전,너무 좋습니다 힐링 쉼터,유성온천족욕체험장,yuseong_hotspring
 Tae hee Lee ,5,1년 전,한국적이면서 이국적인 장소,유성온천족욕체험장,yuseong_hotspring
 Dream Soul ,4,1년 전,아주 좋아요 슬리퍼에 수건만 준비하면 됨 물론 짜,유성온천족욕체험장,yuseong_hotspring
 지젼 ,3,1년 전,노인네들이 많음,유성온천족욕체험장,yuseong_hotspring
 강범석 ,5,1년 전,너무 잘 만들어 놨네요,유성온천족욕체험장,yuseong_hotspring
 sukee na ,5,1년 전,안 들려도 여행객들로 가득 좋아요,유성온천족욕체험장,yuseong_hotspring
 다낭에살어리랏다 ,5,1년 전,짜라 좋네요 시설도 깔끔하고,유성온천족욕체험장,yuseong_hotspring
 박성현 ,5,1년 전,가족끼리 갔다 오기 좋네요 무료이고요,유성온천족욕체험장,yuseong_hotspring
 ESTHER. KIM. ,4,1년 전,무료로 온천 체험을 할 수 있는 곳으로 온천욕장이 부담스럽다면 이곳을 체험해보는 것을 추천한 다 나름 발 닦는 곳과 말리는 것도 있음다만 근처에 풀 같은 것들이 있어서 모기가 있고 아기들이 이용하기엔 다소 뜨거울 수 있으니 이 점 참고하세요,유성온천족욕체험장,yuseong_hotspring
 Minkwan Kang ,4,1년 전,겨울철 갔는데 말 혈액순환이 되면서 피로가 풀리더라고 요 좋았습니다,유성온천족욕체험장,yuseong_hotspring
 냥냥이 ,5,1년 전,족욕 좋음,유성온천족욕체험장,yuseong_hotspring
 김태현 ,4,1년 전,선선한 날 족욕하기 좋아요,유성온천족욕체험장,yuseong_hotspring
 몽월랑 ,3,1년 전,뭔가 아쉬운데 음 삶은 계란이 부족한 느낌,유성온천족욕체험장,yuseong_hotspring
 kim jinsoo ,4,1년 전,아침부터 사람들 많음 핫플레이스,유성온천족욕체험장,yuseong_hotspring
 shekhar chauhan ,5,1년 전,우선 무료 서비스입니다 온수 스파입니다 그들은 좋은 위생기준을 유지합니다 한에 명정도를 조정하기에 충분한지 약계의 온천이 있습니다,유성온천족욕체험장,yuseong_hotspring
 65 spgogo ,5,1년 전,오 완전 좋아요 무료라서 좋고 발 씻고 족 욕하고 더운 여름인데도 발 담그고 있으니 따뜻 시한이 괜찮았어요 근처 들리신다면 체험 추천 연령대는 확실히 어르신분이 많네요,유성온천족욕체험장,yuseong_hotspring
 김예훈 ,4,1년 전,무료이고 눈치 안 보고 좋게 잘했습니다,유성온천족욕체험장,yuseong_hotspring
 야옹아트yaongart ,5,1년 전,동네,유성온천족욕체험장,yuseong_hotspring
 신승항 (Harry Seunghang Shin) ,5,1년 전,지 주민과 관광객들에게 온천이 더 친숙해지게 만들어주는 편안한 장소 비교적 깨끗하게 잘 관리가 되어 있어서 좋았어요,유성온천족욕체험장,yuseong_hotspring
 박영서 ,4,1년 전,여독을 풀기 좋은 곳이다,유성온천족욕체험장,yuseong_hotspring
 김재익 ,4,1년 전,너무나 좋은 간입니다,유성온천족욕체험장,yuseong_hotspring
 방인수 ,4,1년 전,좋아요,유성온천족욕체험장,yuseong_hotspring
 이휴미 ,4,1년 전,좋아요,유성온천족욕체험장,yuseong_hotspring
 곽봉재 ,4,1년 전,더운 날도 온천수 생각보다 괜찮아요,유성온천족욕체험장,yuseong_hotspring
 lim dubin ,5,1년 전,짜족욕,유성온천족욕체험장,yuseong_hotspring
 수고 하셔습니다장동필 ,4,1년 전,무료 족욕 쟁입니다,유성온천족욕체험장,yuseong_hotspring
 kiwoong kim ,5,1년 전,족욕 관광할 수 있습니다,유성온천족욕체험장,yuseong_hotspring
 박지윤교감 ,5,1년 전,시민들을 위한 간이 있어 좋습니다,유성온천족욕체험장,yuseong_hotspring
 박인호 ,5,1년 전,좋아요,유성온천족욕체험장,yuseong_hotspring
 TEANTIP JARANAI choiwonho ,5,1년 전,아시아나 근교,유성온천족욕체험장,yuseong_hotspring
 의정부이프로 ,5,1년 전,좋았어요,유성온천족욕체험장,yuseong_hotspring
 여포재일tv ,4,1년 전,야외 노천탕을 만들어 놓다니 대전 사람들의 의식이 깨어 있다는 걸 알 수 있다,유성온천족욕체험장,yuseong_hotspring
 Shobhit Srivastava ,5,1년 전,이곳은 행복한 곳입니다,유성온천족욕체험장,yuseong_hotspring
 신용암 ,5,1년 전,만족,유성온천족욕체험장,yuseong_hotspring
 액설런트 (액설런트) ,5,1년 전,꿀르램,유성온천족욕체험장,yuseong_hotspring
 이건우 ,5,1년 전,이국적인 광경이 다발을 씻고 들어가게 해 둔 점이 좋음 온 천수도 따끈따끈해서 족욕 체험장이라는 이름이 아주 적절하다,유성온천족욕체험장,yuseong_hotspring
 DH KIM ,4,1년 전,아주 좋아요 에어건으로 발도 말릴 수 있네요,유성온천족욕체험장,yuseong_hotspring
 Alberta John ,5,1년 전,무료 이용 가능합니다,유성온천족욕체험장,yuseong_hotspring
 이동언 ,5,1년 전,생각보다 물이 깨끗하지 않음,유성온천족욕체험장,yuseong_hotspring
 강신영 ,5,1년 전,여기 정말 좋아요,유성온천족욕체험장,yuseong_hotspring
 George Furst ,4,1년 전,대전의 한적한 온천으로 유명합니다 지과 같은 이에서는 온천수에서 발로 쉴 수 있습니다 그것은 또한 무료입니다 그들은 발 마사지라고 하지만 아무 도발에 닿지 않으며 물로 메시지를 전합니 다이 지을 걸어 다니는 것이 좋습니다 목욕을 하신다면 이로 가십시오 그것은 의지에 가깝고 이지의 모든 사람들이 이 유명한 호텔에 대해 알고 싶어 하는 정욕입니다,유성온천족욕체험장,yuseong_hotspring
 산하영상여행 ,5,1년 전,족욕 최고요,유성온천족욕체험장,yuseong_hotspring
 HYUKJAE LEE ,4,1년 전,시내에 있어 접근성 좋고 누구나 이용 가능합니다,유성온천족욕체험장,yuseong_hotspring
 Abbie Suh ,3,1년 전,여름철에도 발목 욕탕에 좋습니다 보통 중년과 중년의 사람들은 장소에서 즐깁니다,유성온천족욕체험장,yuseong_hotspring
 정원종 ,5,1년 전,힐링 되는 곳,유성온천족욕체험장,yuseong_hotspring
 향기난다너 ,5,1년 전,잠깐 앉아 족욕하고 담소 나누기 좋아요,유성온천족욕체험장,yuseong_hotspring
 김성국 ,4,1년 전,누구나 가서 즐길 수 있는 장소,유성온천족욕체험장,yuseong_hotspring
 뒤마그린 ,3,1년 전,발만 담그고 있어도 몸에서 열이 나요 여름에는 별로예요,유성온천족욕체험장,yuseong_hotspring
 안기훈 ,3,1년 전,일상에서의 평온함이 있는 힐링 간,유성온천족욕체험장,yuseong_hotspring
 joongil kim ,5,1년 전,무료족욕장 최고,유성온천족욕체험장,yuseong_hotspring
 주인마 ,5,1년 전,무료로 이러게 족욕도 할 수 있다니 최고예요,유성온천족욕체험장,yuseong_hotspring
 john smith ,4,1년 전,건강에 좋다,유성온천족욕체험장,yuseong_hotspring
 정상훈 ,4,1년 전,케이블카 줄을 견딘다면,유성온천족욕체험장,yuseong_hotspring
 해피해피 ,5,1년 전,힐링 장소,유성온천족욕체험장,yuseong_hotspring
 탁상용 ,3,1년 전,잠시 휴식하며 있기는 좋은 곳,유성온천족욕체험장,yuseong_hotspring
 사단법인해밝음장애인복지회 ,5,1년 전,정말 감동에 카타르 시즈를 느꼈습니다 또한 유성구 할머니가 주신 수박한 덩이는 무더위를 날렸습니다,유성온천족욕체험장,yuseong_hotspring
 정필제 ,5,1년 전,굿입니다,유성온천족욕체험장,yuseong_hotspring
 규핑팡 ,5,1년 전,수건 들고 가야 해수건 체험하는 것은 좋은데 무좀 같은 질병 옮을까 봐 걱정,유성온천족욕체험장,yuseong_hotspring
 yungje Jung ,5,1년 전,좋아요,유성온천족욕체험장,yuseong_hotspring
 rachidov Aires ,5,1년 전,뜨거운 물류식을 위한 코너,유성온천족욕체험장,yuseong_hotspring
 김동우 ,5,1년 전,좋아요,유성온천족욕체험장,yuseong_hotspring
 정미 ,5,1년 전,무료체험장입니다,유성온천족욕체험장,yuseong_hotspring
 잔달라줄 ,3,1년 전,좋아요 따듯한 곳도 있고 뜨거운 곳 미적지근한 곳도 있습니다 어르신들도 많고 커플들도 많습니다 저녁엔 노래 부르는 분들 도와서 노래도 부르기도 합니다 두 군데 있으니 시끄러우면 다른 곳으로 가서 족욕하시면 됩니다,유성온천족욕체험장,yuseong_hotspring
 임영주 ,5,1년 전,야외에서 무료 온천 족욕이라니 넘짱이에요,유성온천족욕체험장,yuseong_hotspring
 기하여 ,5,1년 전,족욕체험해보세요,유성온천족욕체험장,yuseong_hotspring
 Jeonghui An ,5,1년 전,족욕 후 정말 하루 피로가 풀리고 저녁잠이 잘 왔어요,유성온천족욕체험장,yuseong_hotspring
 배봉한 ,5,1년 전,도심에서 건강과 작은 행복을 즐길 수 있는 가장 훌륭한 장소입니다,유성온천족욕체험장,yuseong_hotspring
 배지환 ,5,1년 전,무료 족욕 체험 피로회복에 좋아요 온천수 족욕,유성온천족욕체험장,yuseong_hotspring
 이승한 ,4,1년 전,꼭 다시 빙하고 싶다 하기는 어렵지만 유성에 가면 꼭 한은과 봐야 할 곳,유성온천족욕체험장,yuseong_hotspring
 김정수 ,4,1년 전,노인분들이 많이 오심 무료에 족욕 가능해서 근처 올 때 하나씩 오면 좋음,유성온천족욕체험장,yuseong_hotspring
 hm j ,5,1년 전,분위기 좋은 간 데이트하기 딱 좋은 것 같습니다,유성온천족욕체험장,yuseong_hotspring
 강장수 ,5,1년 전,쉼 간으로 최고네요,유성온천족욕체험장,yuseong_hotspring
 양우근 ,5,1년 전,온천욕 좋아요,유성온천족욕체험장,yuseong_hotspring
 전진호 ,3,1년 전,유성 우체국 간 거임 바로 옆,유성온천족욕체험장,yuseong_hotspring
 myoungok yoon ,5,1년 전,초여름 밤은 낮보단 심해서 산책 후 따뜻한 물에 발의 피로를 풀어줄 수 있는 최고의 힐링 장소임,유성온천족욕체험장,yuseong_hotspring
 soo-hyun ahn ,4,1년 전,아주 좋습니다,유성온천족욕체험장,yuseong_hotspring
 il. ha lee ,5,1년 전,아주 좋아요,유성온천족욕체험장,yuseong_hotspring
 오치영 ,5,1년 전,시해요,유성온천족욕체험장,yuseong_hotspring
 Quoc Duong Nguyen ,5,1년 전,긴 산책 후 긴장을 풀기에 좋은 곳,유성온천족욕체험장,yuseong_hotspring
 정건진 ,2,1년 전,많은 사람들과 따뜻한 수돗물에 발 담그는 곳,유성온천족욕체험장,yuseong_hotspring
 권광옥 ,5,1년 전,피곤함이 삭풀려요,유성온천족욕체험장,yuseong_hotspring
 Martin V. ,4,1년 전,매우 흥미로운 야외 스파 시한 생각 심지어 나는 물에서 나의 다리를 물에 달라 붙이고 있는 다른 명의 사람과 같은 물에 벌써 입욕하는 것,유성온천족욕체험장,yuseong_hotspring
 ## TIMLTAG ,5,1년 전,생각보다 너무 좋았어요 꼭 대전 유성에 왔으면 이곳에 들려서 온천 체험해 보세 여 생각보다 물이 뜨끈뜨끈해서 좋아요 그리고 바람으로 물기 없앨 수 있어서 좋아요,유성온천족욕체험장,yuseong_hotspring
 VONG-HYUN Kim ,4,1년 전,가족끼리 여유 있게 즐기기 좋고 무료,유성온천족욕체험장,yuseong_hotspring
 구산 ,5,1년 전,기본예절만 지키면 누구나 부담 없이 발의 피로를 풀고 갈 수 있습니다,유성온천족욕체험장,yuseong_hotspring
 정병삼 ,4,1년 전,무료 이용 족욕 체험 피로도 풀려요,유성온천족욕체험장,yuseong_hotspring
 두두 전성시대 ,4,1년 전,편해요,유성온천족욕체험장,yuseong_hotspring
 옴마야 ,4,1년 전,좋지,유성온천족욕체험장,yuseong_hotspring
 YJ KIM ,4,1년 전,족욕도 하고 간단히 쉽 수 있는 간입니다,유성온천족욕체험장,yuseong_hotspring
 최정헌 ,5,1년 전,좋아하는 장소입니다,유성온천족욕체험장,yuseong_hotspring
 공희영 ,5,1년 전,족욕하고 좋음,유성온천족욕체험장,yuseong_hotspring
 성통공완Mok ,4,1년 전,온천짜,유성온천족욕체험장,yuseong_hotspring
 강명호 ,3,1년 전,시내에서 가깝고 숙소 근처라 좋음,유성온천족욕체험장,yuseong_hotspring
 Nicolette M ,5,1년 전,꽃은 아름다웠다,유성온천족욕체험장,yuseong_hotspring
 zeus zanor ,4,1년 전,도시의 멋진 장소,유성온천족욕체험장,yuseong_hotspring
 신종철 ,4,1년 전,족욕 조장은 누구나 사용할 수 있어 좋았으나 물의 수질관리가 안 되어 좀 많이 더러웠고 또한 불쾌한 냄새도 풍겼다,유성온천족욕체험장,yuseong_hotspring
 Sekgu Lee ,5,1년 전,건강해지는 듯한 느낌긋,유성온천족욕체험장,yuseong_hotspring
 Jinsuk Kim ,3,1년 전,어르신들 모임 장소,유성온천족욕체험장,yuseong_hotspring
 이민우 ,5,1년 전,여유로움이 느껴지는 곳입니다,유성온천족욕체험장,yuseong_hotspring
 최길환 ,4,1년 전,사람들이 많이 찾는 곳,유성온천족욕체험장,yuseong_hotspring
 김주경 ,5,1년 전,무료로 온천수 족욕을 할 수 있다는 건,유성온천족욕체험장,yuseong_hotspring
 차려정신 ,4,1년 전,누구나 체험할 수 있는 간,유성온천족욕체험장,yuseong_hotspring
 이선미 ,5,1년 전,너무 좋았어요 아침 시부터 개장하여 저녁 시면 물뺍니 다 이용하는 분들이 발을 닦고 이용하는 모습이 보기 좋았습니다,유성온천족욕체험장,yuseong_hotspring
 Gookche Jun (Jinu) ,4,1년 전,축 때,유성온천족욕체험장,yuseong_hotspring
 내연기관 ,5,1년 전,족욕체험장 온천수에 발을 담가보는 좋은 경험 무좀균을 조심하세요,유성온천족욕체험장,yuseong_hotspring
 구공탄 ,5,1년 전,깨 굿하고 너무 좋은 체험을 하였습니다,유성온천족욕체험장,yuseong_hotspring
 김기상 ,5,1년 전,마음이 편해서 좋았습니다,유성온천족욕체험장,yuseong_hotspring
 paladinsally HAN ,3,1년 전,월마다 연중행사인 족욕,유성온천족욕체험장,yuseong_hotspring
 제이슨(Jason Woo) ,3,1년 전,휴일엔 사람이 많아요 참고하세요,유성온천족욕체험장,yuseong_hotspring
 Shao-Ying Chen ,5,1년 전,좋은 음식 온천,유성온천족욕체험장,yuseong_hotspring
 오홍영 ,5,1년 전,족욕,유성온천족욕체험장,yuseong_hotspring
 손계문 ,4,1년 전,온천수로 하여 따뜻하고 좋았음 분 정도 하니 땀도 나 고개 운하였음,유성온천족욕체험장,yuseong_hotspring
 eunkyoung lee ,5,1년 전,힐링 간 여유로운 휴식과 음악이 있는 곳과 맛 집이 함께,유성온천족욕체험장,yuseong_hotspring
 Jun won Jeong ,5,2년 전,유성 족욕 체험장은 전국에 이런 곳이 있을까 싶은 유일무이한 존재입니다 가족 연인 친구들끼리 꼭 한 들러 오순도순 얘기도 나누며 건강도 챙기시길 바랍니다,유성온천족욕체험장,yuseong_hotspring
 신동진 ,5,2년 전,산책로로 최고,유성온천족욕체험장,yuseong_hotspring
 벽골제고릴라 ,4,2년 전,힐링할 수 있어 요 젊은이도 좋아요,유성온천족욕체험장,yuseong_hotspring
 조덕제 ,5,2년 전,아주 좋아요,유성온천족욕체험장,yuseong_hotspring
 현재훈 (까만사과) ,3,2년 전,위생상별로 일 듯,유성온천족욕체험장,yuseong_hotspring
 정홍철 ,5,2년 전,건강이 힐링 됩니다,유성온천족욕체험장,yuseong_hotspring
 최정민 ,5,2년 전,힐링 그 자체입니다 가족과 함께 가시면 더 기쁨을 두 배로 가져가실 겁니다,유성온천족욕체험장,yuseong_hotspring
 이일영 ,4,2년 전,좋아요,유성온천족욕체험장,yuseong_hotspring
 백석인 ,5,2년 전,장기적으로 족욕을 해야 효과를 알 수 있을 것이라고 말들을 한다,유성온천족욕체험장,yuseong_hotspring
 J SHIN (blacks) ,3,2년 전,무난해 유다가 터 피시도 있고 온천물에 발 담그고 쉬기 좋네요 수건 준비 필수,유성온천족욕체험장,yuseong_hotspring
 뽀그리 ,4,2년 전,유성온천 축할 때 꼭 가는 곳,유성온천족욕체험장,yuseong_hotspring
 신민정 ,5,2년 전,짜라 더 좋고 피로가 풀리는 거 같아요,유성온천족욕체험장,yuseong_hotspring
 영대손 ,4,2년 전,족욕체험장이 두 곳으로 늘어서 좋다 새로 생긴 곳이 더 깔끔하고 한의학적으로 구분되어 체질에 맞게 사용할 수도 있는 것 같아요,유성온천족욕체험장,yuseong_hotspring
 2020 ui ,5,2년 전,안 든지 따듯한 물에 족욕할 수 있어 좋아요,유성온천족욕체험장,yuseong_hotspring
 송상훈 ,4,2년 전,위생적으로 좋진 않은 거 같지만 족 욕 하긴 좋아요,유성온천족욕체험장,yuseong_hotspring
 조승연 하모니카 ,5,2년 전,족욕이 무료,유성온천족욕체험장,yuseong_hotspring
 Năng Trần Hữu ,5,2년 전,신나는,유성온천족욕체험장,yuseong_hotspring
 손정훈 ,4,2년 전,시하고 좋아요,유성온천족욕체험장,yuseong_hotspring
 김kim윤영 younyoung ,5,2년 전,도심에서 족욕하며 두런두런 얘기도 나눌 수 있어서 너무 좋아요 월 초에 유성 온 천축 기간엔 먹거리도 많고 다양한 행사가 많아서 가족 나들이나 연인들이 데이트하기 좋아요 대 전지 대학에서 특성화 있는 부스들을 많이 설치해 놔서 손 마사지 피부 미용과학체험 등등 즐기고 볼거리가 너무 많아서 좋았어요 저는 축이 간에 간 거라 먹거리 부스나 여러 기반 시설들이 너무 잘 되어 있어서 하루 종일 돌아다니며 구경하고 맛있는 거 먹고 족욕하고 올,유성온천족욕체험장,yuseong_hotspring
 chae yoon yang ,5,2년 전,가족과 함께하면 너무나도 좋을 곳,유성온천족욕체험장,yuseong_hotspring
 오명진 ,4,2년 전,유성온천에 오시면 들러보세요 괜찮아요,유성온천족욕체험장,yuseong_hotspring
 파랑파랑 ,4,2년 전,지나다 한쯤 색다른 경험이 될 수 있음 근처에는 충남대학 있음 사이에는 대전 젊은 대학생과 직장인 모여드는 봉명동이 있음 대전에 신흥 핫한 지 이 바로 옆 연결됨 젊은이들 한쯤 들르기엔 무리 없음,유성온천족욕체험장,yuseong_hotspring
 김인권 ,4,2년 전,사람들이 너무 많아 조금 부담스러웠습니다,유성온천족욕체험장,yuseong_hotspring
 Kwang-Woo Park ,3,2년 전,유성 온 천축 볼 것 즐길 것 많아요,유성온천족욕체험장,yuseong_hotspring
 재수장 (희망별) ,4,2년 전,이 팝축,유성온천족욕체험장,yuseong_hotspring
 MK Park ,5,2년 전,즐겁게 즐길 수 있는 곳,유성온천족욕체험장,yuseong_hotspring
 UniLo박길용 ,5,2년 전,유성온천 활축 윤희와 새벽이의 듀엣 노신사의,유성온천족욕체험장,yuseong_hotspring
 cheolu jeong ,4,2년 전,건강에 좋아 추천하고픈 곳,유성온천족욕체험장,yuseong_hotspring
 김혜령 ,5,2년 전,유성살 때도 안 왔는데 지나갈 때 들리게 됩니다 긴 여행 출장 다녀오다가 일부러 들려서 족욕하고 서울로 가면 다리 붓기도 뻐근함도 없어서 좋습니다 주변 숙소 중부띠끄 호텔에서 욕조에 몸을 푹 담고 가족 욕장에 선발 담그고 힐링합니다 주변에 맛 집만 많으면 좋겠습니다,유성온천족욕체험장,yuseong_hotspring
 이용진 ,4,2년 전,유성 홈플 너무 좋고 갑천 있어서 산책 플러스 살기 좋습니다 온 천축 때에 갔지만 음에 모텔이 반이라는 게 함정,유성온천족욕체험장,yuseong_hotspring
 mikyoung kmi ,5,2년 전,시설이 아주 잘되어 있습니다 이팝 꽃도 멋지고요,유성온천족욕체험장,yuseong_hotspring
 김대홍 ,4,2년 전,우선 짜다 지하철에서 가까워 접근이 쉽다 웅덩이처럼 고인 곳과 개울처럼 긴 곳이 있다 나무의자에 앉아서 발만 담그면 된 두 발을 담그기 전과 후 씻을 수 있는 곳이 가까이에 있다 크게 효과가 있을까 싶은데 먼저 양발을 벗고 발을 담가보시길 무릎에서부터 퍼져 올라오는 따뜻한 기운을 느끼게 된다 혹시 피곤한 상태라면 효과는 더욱 커진다 주의사항은 수건은 개인지 참이라는 것 온천욕 잘하고 나서 난감할 수 있다 무엇보다 겨울인 요즘에도 하고 있다는 것이 게 바로 노천 족욕이다,유성온천족욕체험장,yuseong_hotspring
 KYUNGIL KIM ,4,2년 전,언니 누구나 와서 쉴 수 있는 간이죠,유성온천족욕체험장,yuseong_hotspring
 S Jeong ,4,2년 전,온 천축 재밌어요,유성온천족욕체험장,yuseong_hotspring
 조명자 ,5,2년 전,족욕 넘세하고 좋은 연도 몇 프로 보고 아주 좋았습니다,유성온천족욕체험장,yuseong_hotspring
 오세충 ,4,2년 전,유성온천 활축,유성온천족욕체험장,yuseong_hotspring
